,player_id,rapm_off,rapm_def,rapm,rapm_rank,rapm_off_Rank,rapm_def_Rank,rapm__intercept,display_first_last
0,1713.0,1.0,0.62,1.62,33.0,53.0,80.0,103.6,Vince Carter
1,1717.0,0.17,0.74,0.91,79.0,159.0,66.0,103.6,Dirk Nowitzki
2,1718.0,0.06,0.4,0.47,132.0,185.0,117.0,103.6,Paul Pierce
3,1891.0,0.0,1.06,1.06,66.0,206.0,28.0,103.6,Jason Terry
4,1897.0,-0.54,-0.12,-0.66,370.0,375.0,291.0,103.6,Metta World Peace
5,1938.0,1.02,0.45,1.47,40.0,51.0,107.0,103.6,Manu Ginobili
6,2034.0,-0.15,-0.08,-0.24,294.0,265.0,277.0,103.6,Mike Miller
7,2037.0,0.16,-0.5,-0.34,320.0,161.0,386.0,103.6,Jamal Crawford
8,2199.0,0.51,-0.08,0.43,137.0,105.0,278.0,103.6,Tyson Chandler
9,2200.0,0.71,0.03,0.74,97.0,77.0,222.0,103.6,Pau Gasol
10,2207.0,0.61,-0.29,0.32,151.0,86.0,329.0,103.6,Joe Johnson
11,2210.0,0.47,-0.01,0.46,134.0,111.0,235.0,103.6,Richard Jefferson
12,2216.0,-0.04,0.28,0.25,161.0,216.0,148.0,103.6,Zach Randolph
13,2225.0,0.25,0.53,0.78,91.0,146.0,91.0,103.6,Tony Parker
14,2365.0,0.35,-0.15,0.2,168.0,130.0,299.0,103.6,Chris Andersen
15,2399.0,-1.69,0.42,-1.26,446.0,481.0,115.0,103.6,Mike Dunleavy
16,2403.0,-0.01,0.67,0.66,110.0,209.0,76.0,103.6,Nene
17,2440.0,-0.52,0.23,-0.29,307.0,370.0,161.0,103.6,Matt Barnes
18,2449.0,-0.26,-0.79,-1.05,421.0,301.0,440.0,103.6,Luis Scola
19,2544.0,2.98,-0.01,2.97,7.0,3.0,236.0,103.6,LeBron James
20,2546.0,0.61,-1.04,-0.43,337.0,85.0,462.0,103.6,Carmelo Anthony
21,2548.0,-1.05,-0.03,-1.08,423.0,449.0,242.0,103.6,Dwyane Wade
22,2555.0,-0.55,0.08,-0.47,345.0,376.0,202.0,103.6,Nick Collison
23,2561.0,-0.4,0.69,0.28,156.0,344.0,73.0,103.6,David West
24,2563.0,0.03,-0.03,-0.01,223.0,200.0,249.0,103.6,Dahntay Jones
25,2564.0,-0.56,-0.39,-0.95,409.0,378.0,361.0,103.6,Boris Diaw
26,2571.0,0.06,0.03,0.09,201.0,186.0,221.0,103.6,Leandro Barbosa
27,2585.0,0.88,1.07,1.96,22.0,61.0,26.0,103.6,Zaza Pachulia
28,2592.0,-0.63,-0.67,-1.3,448.0,392.0,416.0,103.6,James Jones
29,2594.0,-0.74,-1.52,-2.26,480.0,414.0,480.0,103.6,Kyle Korver
30,2617.0,-0.85,-0.11,-0.96,412.0,429.0,287.0,103.6,Udonis Haslem
31,2730.0,-1.9,1.02,-0.88,403.0,484.0,32.0,103.6,Dwight Howard
32,2733.0,-1.05,0.69,-0.36,327.0,450.0,72.0,103.6,Shaun Livingston
33,2734.0,0.26,1.0,1.26,51.0,145.0,37.0,103.6,Devin Harris
34,2736.0,-0.6,0.42,-0.18,277.0,383.0,114.0,103.6,Luol Deng
35,2738.0,0.96,0.36,1.32,46.0,57.0,127.0,103.6,Andre Iguodala
36,2743.0,-1.07,0.23,-0.84,395.0,454.0,159.0,103.6,Kris Humphries
37,2744.0,-0.54,-0.45,-0.99,415.0,374.0,377.0,103.6,Al Jefferson
38,2747.0,0.24,-0.48,-0.24,295.0,147.0,381.0,103.6,JR Smith
39,2749.0,1.0,0.06,1.06,64.0,54.0,207.0,103.6,Jameer Nelson
40,2754.0,-0.15,0.95,0.8,89.0,260.0,41.0,103.6,Tony Allen
41,2756.0,-0.52,0.59,0.07,204.0,371.0,83.0,103.6,Sasha Vujacic
42,2757.0,-0.15,1.01,0.86,83.0,266.0,34.0,103.6,Beno Udrih
43,2760.0,-0.39,-0.32,-0.7,377.0,339.0,339.0,103.6,Anderson Varejao
44,2772.0,1.47,-0.76,0.71,103.0,32.0,436.0,103.6,Trevor Ariza
45,101106.0,-1.48,1.58,0.1,198.0,472.0,8.0,103.6,Andrew Bogut
46,101107.0,-0.41,-0.41,-0.83,391.0,348.0,366.0,103.6,Marvin Williams
47,101108.0,1.85,1.49,3.34,2.0,17.0,10.0,103.6,Chris Paul
48,101109.0,-0.82,-0.6,-1.42,456.0,426.0,407.0,103.6,Raymond Felton
49,101112.0,0.68,-0.33,0.35,145.0,78.0,341.0,103.6,Channing Frye
50,101114.0,-0.35,-0.23,-0.58,359.0,329.0,312.0,103.6,Deron Williams
51,101123.0,0.09,-0.21,-0.12,261.0,184.0,308.0,103.6,Gerald Green
52,101127.0,-0.11,0.06,-0.05,239.0,243.0,211.0,103.6,Jarrett Jack
53,101133.0,-0.02,1.06,1.04,68.0,210.0,30.0,103.6,Ian Mahinmi
54,101135.0,0.61,0.65,1.26,50.0,84.0,78.0,103.6,David Lee
55,101138.0,-0.01,-1.21,-1.23,442.0,207.0,471.0,103.6,Brandon Bass
56,101139.0,0.45,-0.03,0.42,139.0,120.0,248.0,103.6,CJ Miles
57,101141.0,-0.21,0.75,0.54,119.0,283.0,64.0,103.6,Ersan Ilyasova
58,101145.0,0.67,-0.57,0.1,199.0,79.0,403.0,103.6,Monta Ellis
59,101150.0,1.56,-0.24,1.32,45.0,29.0,315.0,103.6,Lou Williams
60,101161.0,1.07,1.43,2.5,12.0,45.0,11.0,103.6,Amir Johnson
61,101162.0,0.73,-0.4,0.33,148.0,72.0,362.0,103.6,Marcin Gortat
62,101179.0,-0.23,-0.28,-0.51,350.0,292.0,326.0,103.6,Ronnie Price
63,101181.0,-1.14,0.09,-1.05,420.0,462.0,199.0,103.6,Jose Calderon
64,101187.0,-0.2,-0.49,-0.69,373.0,281.0,384.0,103.6,Alan Anderson
65,101249.0,0.03,0.1,0.13,189.0,198.0,195.0,103.6,John Lucas III
66,200746.0,0.14,0.64,0.78,92.0,167.0,79.0,103.6,LaMarcus Aldridge
67,200751.0,-1.01,-0.77,-1.78,468.0,444.0,438.0,103.6,Randy Foye
68,200752.0,0.37,1.07,1.44,41.0,127.0,27.0,103.6,Rudy Gay
69,200755.0,1.65,-0.29,1.36,43.0,26.0,330.0,103.6,JJ Redick
70,200757.0,-0.6,0.45,-0.15,271.0,382.0,108.0,103.6,Thabo Sefolosha
71,200765.0,-0.51,-0.74,-1.25,444.0,367.0,434.0,103.6,Rajon Rondo
72,200768.0,1.98,1.16,3.14,4.0,13.0,23.0,103.6,Kyle Lowry
73,200770.0,0.15,-0.17,-0.02,230.0,163.0,302.0,103.6,Jordan Farmar
74,200771.0,-0.51,-0.04,-0.55,353.0,369.0,252.0,103.6,Sergio Rodriguez
75,200779.0,-0.04,-0.07,-0.12,260.0,217.0,270.0,103.6,Steve Novak
76,200782.0,0.28,0.86,1.14,56.0,142.0,49.0,103.6,PJ Tucker
77,200794.0,0.49,1.33,1.83,28.0,108.0,17.0,103.6,Paul Millsap
78,200826.0,-0.43,0.36,-0.07,245.0,351.0,126.0,103.6,J.J. Barea
79,201142.0,2.45,0.32,2.78,10.0,8.0,137.0,103.6,Kevin Durant
80,201143.0,0.86,-0.48,0.39,142.0,63.0,380.0,103.6,Al Horford
81,201144.0,1.66,0.06,1.72,31.0,25.0,212.0,103.6,Mike Conley
82,201145.0,-1.5,-0.05,-1.55,459.0,476.0,258.0,103.6,Jeff Green
83,201147.0,0.16,0.49,0.65,111.0,162.0,101.0,103.6,Corey Brewer
84,201148.0,-0.06,0.21,0.15,180.0,222.0,169.0,103.6,Brandan Wright
85,201149.0,-0.32,-0.43,-0.75,382.0,320.0,369.0,103.6,Joakim Noah
86,201150.0,-1.49,-0.9,-2.38,482.0,474.0,449.0,103.6,Spencer Hawes
87,201152.0,-0.05,0.2,0.16,179.0,218.0,172.0,103.6,Thaddeus Young
88,201155.0,-0.21,-0.08,-0.28,304.0,284.0,271.0,103.6,Rodney Stuckey
89,201156.0,0.52,-0.44,0.08,202.0,101.0,372.0,103.6,Nick Young
90,201158.0,0.92,-0.21,0.71,104.0,59.0,309.0,103.6,Marco Belinelli
91,201160.0,0.23,0.13,0.37,143.0,150.0,186.0,103.6,Jason Smith
92,201162.0,-0.77,0.8,0.03,213.0,419.0,56.0,103.6,Jared Dudley
93,201163.0,1.02,-1.36,-0.34,319.0,52.0,475.0,103.6,Wilson Chandler
94,201166.0,-0.66,0.31,-0.35,322.0,400.0,142.0,103.6,Aaron Brooks
95,201167.0,-0.21,-1.5,-1.71,466.0,288.0,479.0,103.6,Arron Afflalo
96,201168.0,0.02,-0.1,-0.08,248.0,202.0,281.0,103.6,Tiago Splitter
97,201177.0,-0.72,-0.41,-1.13,430.0,410.0,365.0,103.6,Josh McRoberts
98,201188.0,0.55,0.06,0.61,116.0,97.0,209.0,103.6,Marc Gasol
99,201196.0,-0.4,-0.05,-0.46,343.0,345.0,259.0,103.6,Ramon Sessions
100,201202.0,-0.41,0.1,-0.31,313.0,346.0,196.0,103.6,Joel Anthony
101,201228.0,-1.07,0.02,-1.06,422.0,455.0,226.0,103.6,C.J. Watson
102,201229.0,0.73,-0.71,0.02,217.0,73.0,423.0,103.6,Anthony Tolliver
103,201563.0,0.12,-0.54,-0.42,336.0,171.0,400.0,103.6,Michael Beasley
104,201565.0,0.92,-1.02,-0.1,254.0,58.0,460.0,103.6,Derrick Rose
105,201566.0,2.03,0.12,2.15,18.0,12.0,188.0,103.6,Russell Westbrook
106,201567.0,1.59,0.62,2.21,17.0,27.0,81.0,103.6,Kevin Love
107,201568.0,1.55,0.16,1.71,32.0,30.0,180.0,103.6,Danilo Gallinari
108,201569.0,0.59,0.49,1.07,63.0,90.0,103.0,103.6,Eric Gordon
109,201571.0,-2.44,-0.59,-3.03,485.0,486.0,406.0,103.6,D.J. Augustin
110,201572.0,-0.06,-0.07,-0.13,263.0,224.0,266.0,103.6,Brook Lopez
111,201573.0,-0.16,-0.04,-0.21,287.0,269.0,255.0,103.6,Jerryd Bayless
112,201575.0,0.14,-0.44,-0.31,312.0,169.0,373.0,103.6,Brandon Rush
113,201577.0,0.3,0.52,0.82,87.0,139.0,92.0,103.6,Robin Lopez
114,201578.0,0.51,-0.09,0.42,138.0,103.0,280.0,103.6,Marreese Speights
115,201579.0,-0.45,0.23,-0.22,291.0,353.0,164.0,103.6,Roy Hibbert
116,201580.0,2.1,0.21,2.31,16.0,10.0,166.0,103.6,JaVale McGee
117,201582.0,-0.39,0.27,-0.12,262.0,341.0,150.0,103.6,Alexis Ajinca
118,201583.0,1.31,0.21,1.52,38.0,38.0,167.0,103.6,Ryan Anderson
119,201584.0,0.15,-1.17,-1.03,417.0,166.0,469.0,103.6,Courtney Lee
120,201585.0,-0.82,0.72,-0.1,256.0,425.0,69.0,103.6,Kosta Koufos
121,201586.0,0.06,0.11,0.16,175.0,187.0,193.0,103.6,Serge Ibaka
122,201587.0,0.58,-0.31,0.27,158.0,91.0,336.0,103.6,Nicolas Batum
123,201588.0,0.87,1.05,1.92,24.0,62.0,31.0,103.6,George Hill
124,201589.0,-0.34,-0.35,-0.7,376.0,327.0,350.0,103.6,Darrell Arthur
125,201599.0,1.13,0.77,1.9,25.0,43.0,60.0,103.6,DeAndre Jordan
126,201600.0,-0.7,0.14,-0.57,355.0,407.0,184.0,103.6,Omer Asik
127,201601.0,0.34,1.21,1.55,36.0,131.0,21.0,103.6,Luc Mbah a Moute
128,201609.0,0.51,-0.52,-0.01,228.0,106.0,389.0,103.6,Goran Dragic
129,201627.0,0.09,-0.25,-0.16,274.0,183.0,319.0,103.6,Anthony Morrow
130,201628.0,0.01,-0.34,-0.34,317.0,204.0,347.0,103.6,Bobby Brown
131,201933.0,1.58,0.24,1.81,29.0,28.0,158.0,103.6,Blake Griffin
132,201935.0,2.43,-1.15,1.28,49.0,9.0,468.0,103.6,James Harden
133,201936.0,-1.48,-0.17,-1.65,463.0,473.0,303.0,103.6,Tyreke Evans
134,201937.0,0.49,-0.65,-0.17,275.0,109.0,414.0,103.6,Ricky Rubio
135,201939.0,3.74,0.92,4.66,1.0,1.0,45.0,103.6,Stephen Curry
136,201941.0,0.05,0.11,0.16,176.0,189.0,191.0,103.6,Jordan Hill
137,201942.0,1.03,-0.88,0.15,183.0,50.0,447.0,103.6,DeMar DeRozan
138,201943.0,0.56,0.05,0.61,115.0,96.0,215.0,103.6,Brandon Jennings
139,201945.0,-0.98,-0.93,-1.91,472.0,441.0,452.0,103.6,Gerald Henderson
140,201949.0,-0.29,1.18,0.89,80.0,309.0,22.0,103.6,James Johnson
141,201950.0,-0.61,1.15,0.54,120.0,386.0,24.0,103.6,Jrue Holiday
142,201951.0,0.05,-0.07,-0.02,233.0,194.0,263.0,103.6,Ty Lawson
143,201952.0,0.75,-0.43,0.31,154.0,69.0,370.0,103.6,Jeff Teague
144,201954.0,0.84,-0.62,0.22,165.0,66.0,409.0,103.6,Darren Collison
145,201956.0,-0.39,-0.74,-1.13,432.0,342.0,431.0,103.6,Omri Casspi
146,201959.0,-0.24,0.27,0.03,212.0,294.0,151.0,103.6,Taj Gibson
147,201960.0,0.34,0.32,0.66,109.0,132.0,138.0,103.6,DeMarre Carroll
148,201961.0,0.48,0.01,0.49,130.0,110.0,233.0,103.6,Wayne Ellington
149,201962.0,0.47,-0.3,0.18,172.0,112.0,331.0,103.6,Toney Douglas
150,201967.0,0.46,-0.45,0.01,219.0,118.0,375.0,103.6,Dante Cunningham
151,201973.0,0.57,-0.57,0.01,220.0,92.0,402.0,103.6,Jonas Jerebko
152,201975.0,0.52,-0.81,-0.29,308.0,102.0,445.0,103.6,Jodie Meeks
153,201976.0,1.93,0.46,2.39,14.0,15.0,106.0,103.6,Patrick Beverley
154,201977.0,-0.67,-1.52,-2.19,478.0,401.0,481.0,103.6,Marcus Thornton
155,201980.0,0.2,1.34,1.54,37.0,154.0,16.0,103.6,Danny Green
156,201988.0,1.1,1.01,2.11,20.0,44.0,35.0,103.6,Patty Mills
157,202066.0,-0.09,-0.78,-0.87,402.0,233.0,439.0,103.6,Garrett Temple
158,202083.0,-0.26,-0.1,-0.36,325.0,300.0,283.0,103.6,Wesley Matthews
159,202087.0,-0.03,0.02,-0.01,227.0,214.0,227.0,103.6,Alonzo Gee
160,202130.0,-0.32,-0.08,-0.4,332.0,318.0,274.0,103.6,Reggie Williams
161,202322.0,1.84,-0.54,1.3,47.0,18.0,397.0,103.6,John Wall
162,202323.0,-1.3,0.18,-1.12,428.0,468.0,176.0,103.6,Evan Turner
163,202324.0,-0.64,0.46,-0.18,281.0,395.0,105.0,103.6,Derrick Favors
164,202325.0,-0.54,0.75,0.21,167.0,373.0,65.0,103.6,Wesley Johnson
165,202326.0,1.17,-0.47,0.71,105.0,40.0,379.0,103.6,DeMarcus Cousins
166,202328.0,1.36,-0.28,1.07,61.0,34.0,327.0,103.6,Greg Monroe
167,202329.0,0.2,0.99,1.18,55.0,155.0,39.0,103.6,Al-Farouq Aminu
168,202330.0,1.06,0.54,1.6,34.0,46.0,87.0,103.6,Gordon Hayward
169,202331.0,1.34,0.06,1.4,42.0,37.0,210.0,103.6,Paul George
170,202332.0,0.09,-0.25,-0.16,273.0,182.0,318.0,103.6,Cole Aldrich
171,202334.0,-0.67,-0.54,-1.21,439.0,403.0,398.0,103.6,Ed Davis
172,202335.0,1.77,1.06,2.83,9.0,20.0,29.0,103.6,Patrick Patterson
173,202336.0,-0.06,-0.03,-0.09,250.0,223.0,247.0,103.6,Larry Sanders
174,202337.0,-0.88,0.66,-0.21,289.0,435.0,77.0,103.6,Luke Babbitt
175,202338.0,-0.32,-0.53,-0.85,398.0,321.0,395.0,103.6,Kevin Seraphin
176,202339.0,0.6,-0.56,0.04,210.0,87.0,401.0,103.6,Eric Bledsoe
177,202340.0,0.44,-0.7,-0.26,299.0,121.0,421.0,103.6,Avery Bradley
178,202344.0,-1.37,0.15,-1.21,440.0,469.0,181.0,103.6,Trevor Booker
179,202348.0,1.03,-0.72,0.32,152.0,48.0,427.0,103.6,Jordan Crawford
180,202349.0,-0.05,-0.04,-0.09,251.0,220.0,253.0,103.6,Greivis Vasquez
181,202355.0,0.62,0.33,0.95,74.0,83.0,133.0,103.6,Hassan Whiteside
182,202357.0,-0.64,0.84,0.2,171.0,394.0,51.0,103.6,Nemanja Bjelica
183,202362.0,-0.38,0.5,0.13,191.0,335.0,97.0,103.6,Lance Stephenson
184,202389.0,-1.0,0.54,-0.45,342.0,443.0,88.0,103.6,Timofey Mozgov
185,202390.0,-0.13,0.0,-0.13,265.0,256.0,234.0,103.6,Gary Neal
186,202391.0,-0.1,-0.12,-0.22,290.0,239.0,292.0,103.6,Jeremy Lin
187,202397.0,0.37,0.61,0.98,71.0,128.0,82.0,103.6,Ish Smith
188,202407.0,-0.15,0.03,-0.13,264.0,264.0,224.0,103.6,Elijah Millsap
189,202412.0,-0.11,-0.1,-0.21,288.0,241.0,282.0,103.6,Manny Harris
190,202498.0,-0.95,-0.96,-1.91,471.0,440.0,454.0,103.6,Lance Thomas
191,202620.0,-0.13,-0.05,-0.19,282.0,255.0,261.0,103.6,Arinze Onuaku
192,202681.0,2.74,-0.81,1.93,23.0,5.0,444.0,103.6,Kyrie Irving
193,202682.0,-0.55,-0.66,-1.21,438.0,377.0,415.0,103.6,Derrick Williams
194,202683.0,0.84,-0.52,0.32,153.0,67.0,392.0,103.6,Enes Kanter
195,202684.0,-0.19,-0.25,-0.44,339.0,279.0,317.0,103.6,Tristan Thompson
196,202685.0,0.15,-0.28,-0.13,267.0,165.0,328.0,103.6,Jonas Valanciunas
197,202687.0,-1.27,0.05,-1.22,441.0,465.0,217.0,103.6,Bismack Biyombo
198,202688.0,-1.49,-1.07,-2.56,484.0,475.0,463.0,103.6,Brandon Knight
199,202689.0,1.69,-0.13,1.56,35.0,23.0,295.0,103.6,Kemba Walker
200,202691.0,1.96,1.1,3.06,5.0,14.0,25.0,103.6,Klay Thompson
201,202692.0,-0.27,-0.1,-0.37,330.0,302.0,284.0,103.6,Alec Burks
202,202693.0,0.33,0.77,1.1,58.0,134.0,61.0,103.6,Markieff Morris
203,202694.0,-0.63,0.74,0.11,197.0,390.0,67.0,103.6,Marcus Morris
204,202695.0,2.49,-0.34,2.15,19.0,7.0,346.0,103.6,Kawhi Leonard
205,202696.0,-1.11,0.33,-0.79,389.0,459.0,135.0,103.6,Nikola Vucevic
206,202697.0,0.44,-0.53,-0.1,252.0,122.0,396.0,103.6,Iman Shumpert
207,202699.0,0.33,0.29,0.62,114.0,135.0,147.0,103.6,Tobias Harris
208,202700.0,-0.22,-1.1,-1.31,450.0,290.0,464.0,103.6,Donatas Motiejunas
209,202702.0,0.62,-0.72,-0.1,253.0,81.0,426.0,103.6,Kenneth Faried
210,202703.0,0.99,0.77,1.77,30.0,55.0,59.0,103.6,Nikola Mirotic
211,202704.0,-0.51,-1.29,-1.8,469.0,366.0,473.0,103.6,Reggie Jackson
212,202708.0,-0.3,0.05,-0.25,298.0,312.0,213.0,103.6,Norris Cole
213,202709.0,0.51,-0.52,-0.01,225.0,104.0,391.0,103.6,Cory Joseph
214,202710.0,1.15,1.34,2.49,13.0,41.0,15.0,103.6,Jimmy Butler
215,202711.0,-0.15,-1.22,-1.37,454.0,263.0,472.0,103.6,Bojan Bogdanovic
216,202712.0,-0.09,-0.05,-0.14,268.0,235.0,256.0,103.6,Justin Harper
217,202713.0,-0.38,0.51,0.13,193.0,338.0,94.0,103.6,Kyle Singler
218,202714.0,-0.88,-0.49,-1.37,453.0,436.0,383.0,103.6,Shelvin Mack
219,202718.0,-0.49,-0.37,-0.86,399.0,360.0,354.0,103.6,Chandler Parsons
220,202720.0,-0.9,0.72,-0.17,276.0,437.0,68.0,103.6,Jon Leuer
221,202722.0,-0.06,0.28,0.22,166.0,225.0,149.0,103.6,Davis Bertans
222,202730.0,-0.38,-0.81,-1.19,434.0,337.0,443.0,103.6,Lavoy Allen
223,202732.0,-0.02,0.44,0.42,140.0,212.0,109.0,103.6,DeAndre Liggins
224,202734.0,-0.49,-0.72,-1.21,437.0,359.0,428.0,103.6,E'Twaun Moore
225,202738.0,3.08,-2.02,1.06,65.0,2.0,485.0,103.6,Isaiah Thomas
226,203076.0,-0.62,1.25,0.62,113.0,389.0,19.0,103.6,Anthony Davis
227,203077.0,-1.12,0.81,-0.31,315.0,460.0,55.0,103.6,Michael Kidd-Gilchrist
228,203078.0,2.06,0.27,2.33,15.0,11.0,152.0,103.6,Bradley Beal
229,203079.0,0.57,0.35,0.91,78.0,93.0,130.0,103.6,Dion Waiters
230,203080.0,-0.49,-0.64,-1.13,431.0,363.0,411.0,103.6,Thomas Robinson
231,203081.0,1.7,-0.67,1.02,69.0,22.0,417.0,103.6,Damian Lillard
232,203082.0,1.76,-1.0,0.75,94.0,21.0,459.0,103.6,Terrence Ross
233,203083.0,-1.0,-0.97,-1.96,473.0,442.0,456.0,103.6,Andre Drummond
234,203084.0,-0.39,0.31,-0.08,247.0,340.0,144.0,103.6,Harrison Barnes
235,203085.0,0.14,-0.61,-0.47,346.0,168.0,408.0,103.6,Austin Rivers
236,203086.0,-0.3,-0.32,-0.62,363.0,310.0,340.0,103.6,Meyers Leonard
237,203087.0,0.47,-0.81,-0.34,318.0,114.0,442.0,103.6,Jeremy Lamb
238,203089.0,-0.28,0.36,0.08,203.0,304.0,125.0,103.6,John Henson
239,203090.0,1.36,-0.48,0.87,81.0,33.0,382.0,103.6,Maurice Harkless
240,203092.0,-0.38,0.07,-0.31,314.0,336.0,206.0,103.6,Tyler Zeller
241,203093.0,-0.31,0.12,-0.19,283.0,314.0,189.0,103.6,Terrence Jones
242,203094.0,-0.8,-0.87,-1.67,464.0,422.0,446.0,103.6,Andrew Nicholson
243,203095.0,-0.85,-0.07,-0.92,407.0,428.0,268.0,103.6,Evan Fournier
244,203096.0,-0.61,-0.07,-0.68,371.0,387.0,269.0,103.6,Jared Sullinger
245,203098.0,0.1,-0.04,0.06,207.0,179.0,250.0,103.6,John Jenkins
246,203101.0,-0.67,-0.11,-0.78,388.0,402.0,288.0,103.6,Miles Plumlee
247,203107.0,-0.1,0.57,0.48,131.0,238.0,85.0,103.6,Tomas Satoransky
248,203109.0,1.92,0.82,2.74,11.0,16.0,52.0,103.6,Jae Crowder
249,203110.0,1.35,1.95,3.3,3.0,35.0,3.0,103.6,Draymond Green
250,203112.0,0.05,0.05,0.1,200.0,191.0,218.0,103.6,Quincy Acy
251,203114.0,0.46,0.18,0.64,112.0,117.0,178.0,103.6,Khris Middleton
252,203115.0,-0.12,-0.72,-0.83,393.0,248.0,425.0,103.6,Will Barton
253,203118.0,-0.49,-0.09,-0.58,358.0,361.0,279.0,103.6,Mike Scott
254,203120.0,-1.64,-0.88,-2.53,483.0,480.0,448.0,103.6,Justin Hamilton
255,203124.0,-0.62,-0.74,-1.36,452.0,388.0,433.0,103.6,Kyle O'Quinn
256,203138.0,-0.7,0.54,-0.16,272.0,405.0,89.0,103.6,Hollis Thompson
257,203141.0,0.15,0.93,1.08,60.0,164.0,44.0,103.6,Mirza Teletovic
258,203145.0,-0.75,-0.08,-0.83,392.0,417.0,272.0,103.6,Kent Bazemore
259,203148.0,-0.73,0.07,-0.66,366.0,412.0,205.0,103.6,Brian Roberts
260,203186.0,-0.41,0.35,-0.06,240.0,347.0,128.0,103.6,Willie Reed
261,203200.0,-0.12,0.94,0.82,86.0,250.0,42.0,103.6,Justin Holiday
262,203210.0,-0.19,0.68,0.49,129.0,278.0,75.0,103.6,JaMychal Green
263,203382.0,0.24,1.62,1.86,26.0,149.0,6.0,103.6,Aron Baynes
264,203457.0,-0.12,-0.08,-0.2,285.0,251.0,273.0,103.6,Nerlens Noel
265,203458.0,-1.52,-0.58,-2.1,474.0,478.0,404.0,103.6,Alex Len
266,203459.0,-0.28,-1.36,-1.65,462.0,305.0,476.0,103.6,Allen Crabbe
267,203460.0,0.31,1.02,1.33,44.0,137.0,33.0,103.6,Andre Roberson
268,203461.0,0.27,-1.13,-0.87,401.0,143.0,465.0,103.6,Anthony Bennett
269,203462.0,-0.12,-0.4,-0.52,352.0,247.0,364.0,103.6,Archie Goodwin
270,203463.0,-0.81,-0.16,-0.98,413.0,424.0,301.0,103.6,Ben McLemore
271,203468.0,1.13,-0.11,1.02,70.0,42.0,289.0,103.6,CJ McCollum
272,203469.0,0.59,1.52,2.1,21.0,88.0,9.0,103.6,Cody Zeller
273,203471.0,-0.34,-0.36,-0.7,375.0,325.0,352.0,103.6,Dennis Schroder
274,203473.0,-0.36,1.66,1.3,48.0,332.0,5.0,103.6,Dewayne Dedmon
275,203476.0,0.14,0.37,0.51,126.0,170.0,121.0,103.6,Gorgui Dieng
276,203477.0,-0.85,-0.4,-1.25,445.0,430.0,363.0,103.6,Isaiah Canaan
277,203481.0,0.18,-0.63,-0.45,341.0,158.0,410.0,103.6,Jeff Withey
278,203482.0,-0.86,0.48,-0.38,331.0,431.0,104.0,103.6,Kelly Olynyk
279,203484.0,0.01,-0.31,-0.3,311.0,203.0,338.0,103.6,Kentavious Caldwell-Pope
280,203486.0,1.48,-1.15,0.33,149.0,31.0,466.0,103.6,Mason Plumlee
281,203487.0,-0.14,0.34,0.2,170.0,259.0,131.0,103.6,Michael Carter-Williams
282,203488.0,-0.51,-0.39,-0.9,405.0,368.0,358.0,103.6,Mike Muscala
283,203490.0,0.62,-0.1,0.51,125.0,82.0,285.0,103.6,Otto Porter Jr.
284,203493.0,0.12,0.42,0.54,121.0,172.0,116.0,103.6,Reggie Bullock
285,203496.0,-1.03,1.71,0.67,108.0,447.0,4.0,103.6,Robert Covington
286,203497.0,0.76,2.2,2.97,6.0,68.0,1.0,103.6,Rudy Gobert
287,203498.0,-0.34,-0.14,-0.48,348.0,326.0,297.0,103.6,Shabazz Muhammad
288,203500.0,0.53,0.43,0.96,73.0,100.0,111.0,103.6,Steven Adams
289,203501.0,1.35,0.51,1.85,27.0,36.0,95.0,103.6,Tim Hardaway Jr.
290,203503.0,-0.21,-0.67,-0.88,404.0,287.0,418.0,103.6,Tony Snell
291,203504.0,-1.09,-0.59,-1.68,465.0,457.0,405.0,103.6,Trey Burke
292,203506.0,-0.66,2.18,1.52,39.0,398.0,2.0,103.6,Victor Oladipo
293,203507.0,0.11,0.59,0.7,106.0,175.0,84.0,103.6,Giannis Antetokounmpo
294,203510.0,0.34,0.49,0.83,85.0,133.0,102.0,103.6,Pierre Jackson
295,203512.0,0.56,0.13,0.69,107.0,95.0,185.0,103.6,Lucas Nogueira
296,203516.0,-0.18,1.23,1.04,67.0,276.0,20.0,103.6,James Ennis III
297,203518.0,0.53,-0.71,-0.18,278.0,99.0,424.0,103.6,Alex Abrines
298,203521.0,-0.18,-0.38,-0.56,354.0,277.0,357.0,103.6,Matthew Dellavedova
299,203524.0,-0.21,0.93,0.72,100.0,286.0,43.0,103.6,Solomon Hill
300,203526.0,0.38,0.86,1.24,53.0,126.0,50.0,103.6,Raul Neto
301,203527.0,-0.12,0.38,0.26,160.0,249.0,120.0,103.6,Ryan Kelly
302,203530.0,-0.4,-0.36,-0.75,383.0,343.0,351.0,103.6,Joffrey Lauvergne
303,203546.0,-0.65,-0.25,-0.9,406.0,396.0,320.0,103.6,Ian Clark
304,203552.0,0.22,0.06,0.28,157.0,152.0,208.0,103.6,Seth Curry
305,203584.0,0.5,0.23,0.72,99.0,107.0,162.0,103.6,Troy Daniels
306,203585.0,-0.15,0.31,0.16,177.0,262.0,145.0,103.6,Rodney McGruder
307,203613.0,-0.48,1.62,1.13,57.0,358.0,7.0,103.6,Jonathon Simmons
308,203894.0,0.74,-0.21,0.52,123.0,71.0,311.0,103.6,Shabazz Napier
309,203895.0,-0.09,-0.67,-0.76,385.0,232.0,420.0,103.6,Jordan McRae
310,203897.0,-0.66,-0.45,-1.11,426.0,399.0,376.0,103.6,Zach LaVine
311,203898.0,-0.3,0.44,0.15,184.0,311.0,110.0,103.6,Tyler Ennis
312,203901.0,0.47,-0.3,0.17,173.0,113.0,334.0,103.6,Elfrid Payton
313,203902.0,-0.6,-0.79,-1.4,455.0,384.0,441.0,103.6,Semaj Christon
314,203903.0,-0.77,-1.38,-2.14,477.0,418.0,477.0,103.6,Jordan Clarkson
315,203909.0,0.0,-0.44,-0.43,338.0,205.0,371.0,103.6,KJ McDaniels
316,203912.0,-0.03,0.05,0.02,215.0,213.0,216.0,103.6,CJ Wilcox
317,203914.0,2.49,-2.08,0.41,141.0,6.0,486.0,103.6,Gary Harris
318,203915.0,-0.37,0.33,-0.04,237.0,334.0,136.0,103.6,Spencer Dinwiddie
319,203917.0,0.22,-0.25,-0.03,234.0,151.0,316.0,103.6,Nik Stauskas
320,203918.0,0.12,-0.16,-0.04,238.0,173.0,300.0,103.6,Rodney Hood
321,203922.0,-0.7,-0.03,-0.73,380.0,406.0,246.0,103.6,Glenn Robinson III
322,203923.0,-0.3,-0.27,-0.58,357.0,313.0,325.0,103.6,James Young
323,203924.0,-0.86,-0.73,-1.59,460.0,432.0,430.0,103.6,Jerami Grant
324,203925.0,-1.51,-0.23,-1.74,467.0,477.0,313.0,103.6,Joe Harris
325,203926.0,0.38,-0.98,-0.6,361.0,125.0,457.0,103.6,Doug McDermott
326,203930.0,-0.11,-0.12,-0.23,293.0,242.0,293.0,103.6,Sean Kilpatrick
327,203932.0,0.86,-0.35,0.5,127.0,65.0,349.0,103.6,Aaron Gordon
328,203933.0,0.56,-1.18,-0.61,362.0,94.0,470.0,103.6,T.J. Warren
329,203934.0,-0.07,0.23,0.17,174.0,226.0,160.0,103.6,Lamar Patterson
330,203935.0,0.67,0.2,0.87,82.0,80.0,174.0,103.6,Marcus Smart
331,203937.0,-0.18,1.43,1.25,52.0,275.0,12.0,103.6,Kyle Anderson
332,203939.0,-0.01,-1.03,-1.04,419.0,208.0,461.0,103.6,Dwight Powell
333,203940.0,-0.05,0.21,0.16,178.0,219.0,170.0,103.6,Adreian Payne
334,203943.0,-1.06,0.32,-0.74,381.0,453.0,140.0,103.6,Noah Vonleh
335,203944.0,-0.49,-1.64,-2.13,476.0,364.0,482.0,103.6,Julius Randle
336,203948.0,0.05,-0.34,-0.28,306.0,190.0,344.0,103.6,Johnny O'Bryant III
337,203949.0,-1.26,0.05,-1.21,436.0,464.0,214.0,103.6,James Michael McAdoo
338,203950.0,0.02,-0.02,-0.01,224.0,201.0,240.0,103.6,Jarnell Stokes
339,203952.0,1.67,-1.65,0.02,214.0,24.0,483.0,103.6,Andrew Wiggins
340,203953.0,0.09,-0.94,-0.85,397.0,181.0,453.0,103.6,Jabari Parker
341,203954.0,-0.17,1.39,1.22,54.0,274.0,13.0,103.6,Joel Embiid
342,203957.0,-1.03,0.71,-0.32,316.0,446.0,70.0,103.6,Dante Exum
343,203962.0,0.1,0.04,0.14,188.0,178.0,219.0,103.6,Josh Huestis
344,203967.0,-1.16,0.31,-0.84,396.0,463.0,143.0,103.6,Dario Saric
345,203991.0,0.86,-0.11,0.76,93.0,64.0,286.0,103.6,Clint Capela
346,203994.0,-1.09,0.68,-0.41,335.0,458.0,74.0,103.6,Jusuf Nurkic
347,203998.0,-0.17,0.15,-0.02,232.0,273.0,182.0,103.6,Bruno Caboclo
348,203999.0,2.78,0.11,2.89,8.0,4.0,192.0,103.6,Nikola Jokic
349,204001.0,-0.21,0.76,0.55,118.0,285.0,62.0,103.6,Kristaps Porzingis
350,204002.0,0.04,0.11,0.15,181.0,196.0,190.0,103.6,Edy Tavares
351,204014.0,-0.43,-0.26,-0.69,374.0,350.0,321.0,103.6,Damjan Rudez
352,204020.0,-0.47,0.49,0.02,216.0,356.0,99.0,103.6,Tyler Johnson
353,204025.0,-0.13,-0.71,-0.84,394.0,254.0,422.0,103.6,Tim Frazier
354,204028.0,-0.59,0.82,0.23,164.0,381.0,53.0,103.6,Tarik Black
355,204038.0,-0.32,0.08,-0.24,296.0,323.0,201.0,103.6,Langston Galloway
356,204060.0,0.89,-0.38,0.52,124.0,60.0,356.0,103.6,Joe Ingles
357,204067.0,-0.32,0.24,-0.08,249.0,322.0,157.0,103.6,Jarell Eddie
358,204456.0,-1.06,-0.08,-1.14,433.0,451.0,275.0,103.6,T.J. McConnell
359,1626143.0,-2.15,-0.92,-3.07,486.0,485.0,451.0,103.6,Jahlil Okafor
360,1626144.0,-0.53,-0.76,-1.29,447.0,372.0,437.0,103.6,Emmanuel Mudiay
361,1626145.0,0.73,-0.53,0.2,169.0,74.0,393.0,103.6,Tyus Jones
362,1626147.0,-0.71,-0.74,-1.45,458.0,408.0,432.0,103.6,Justin Anderson
363,1626148.0,0.1,0.33,0.44,136.0,177.0,134.0,103.6,Anthony Brown
364,1626149.0,1.04,-0.52,0.53,122.0,47.0,388.0,103.6,Montrezl Harrell
365,1626150.0,-0.77,0.81,0.04,209.0,420.0,54.0,103.6,Andrew Harrison
366,1626151.0,-0.12,0.01,-0.1,257.0,246.0,231.0,103.6,Aaron Harrison
367,1626153.0,-0.28,1.0,0.72,101.0,303.0,36.0,103.6,Delon Wright
368,1626154.0,-0.17,0.1,-0.07,244.0,271.0,197.0,103.6,RJ Hunter
369,1626155.0,0.54,-0.43,0.11,196.0,98.0,368.0,103.6,Sam Dekker
370,1626156.0,-0.11,-1.71,-1.83,470.0,245.0,484.0,103.6,D'Angelo Russell
371,1626157.0,1.78,-1.34,0.44,135.0,19.0,474.0,103.6,Karl-Anthony Towns
372,1626158.0,0.1,-0.96,-0.86,400.0,180.0,455.0,103.6,Richaun Holmes
373,1626159.0,-0.91,0.55,-0.37,328.0,439.0,86.0,103.6,Justise Winslow
374,1626161.0,-0.73,0.01,-0.71,379.0,411.0,230.0,103.6,Willie Cauley-Stein
375,1626162.0,-0.15,0.03,-0.11,258.0,261.0,220.0,103.6,Kelly Oubre Jr.
376,1626163.0,1.18,-0.46,0.72,102.0,39.0,378.0,103.6,Frank Kaminsky
377,1626164.0,0.72,-0.91,-0.19,284.0,75.0,450.0,103.6,Devin Booker
378,1626166.0,-1.13,0.49,-0.64,365.0,461.0,98.0,103.6,Cameron Payne
379,1626167.0,0.59,0.51,1.1,59.0,89.0,93.0,103.6,Myles Turner
380,1626168.0,-0.5,0.37,-0.13,266.0,365.0,123.0,103.6,Trey Lyles
381,1626169.0,0.41,0.37,0.79,90.0,123.0,122.0,103.6,Stanley Johnson
382,1626170.0,0.46,0.49,0.95,75.0,119.0,100.0,103.6,Jerian Grant
383,1626171.0,-0.44,-0.31,-0.75,384.0,352.0,337.0,103.6,Bobby Portis
384,1626172.0,-1.04,0.01,-1.03,418.0,448.0,232.0,103.6,Kevon Looney
385,1626173.0,-0.87,-0.24,-1.11,427.0,434.0,314.0,103.6,Rashad Vaughn
386,1626174.0,0.03,0.32,0.35,146.0,199.0,141.0,103.6,Christian Wood
387,1626175.0,-0.31,-0.39,-0.7,378.0,317.0,360.0,103.6,Jordan Mickey
388,1626176.0,-0.33,-0.03,-0.36,323.0,324.0,244.0,103.6,Rakeem Christmas
389,1626178.0,-1.27,0.17,-1.1,424.0,466.0,179.0,103.6,Rondae Hollis-Jefferson
390,1626179.0,-0.81,0.79,-0.02,231.0,423.0,58.0,103.6,Terry Rozier
391,1626181.0,0.3,0.3,0.6,117.0,138.0,146.0,103.6,Norman Powell
392,1626184.0,0.11,-0.18,-0.07,243.0,176.0,305.0,103.6,Chasson Randle
393,1626185.0,-1.37,0.9,-0.47,347.0,470.0,46.0,103.6,Jarell Martin
394,1626188.0,0.24,-0.52,-0.28,301.0,148.0,390.0,103.6,Quinn Cook
395,1626191.0,0.47,0.26,0.73,98.0,115.0,154.0,103.6,Chris McCullough
396,1626192.0,0.05,-0.36,-0.3,310.0,188.0,353.0,103.6,Pat Connaughton
397,1626195.0,-0.17,0.43,0.26,159.0,272.0,112.0,103.6,Willy Hernangomez
398,1626196.0,-0.83,0.38,-0.44,340.0,427.0,119.0,103.6,Josh Richardson
399,1626199.0,-0.2,0.32,0.13,192.0,280.0,139.0,103.6,Darrun Hilliard
400,1626202.0,-0.69,-0.27,-0.96,410.0,404.0,324.0,103.6,Joe Young
401,1626203.0,-0.63,-0.02,-0.66,368.0,393.0,239.0,103.6,Treveon Graham
402,1626204.0,-0.28,0.35,0.06,206.0,306.0,129.0,103.6,Larry Nance Jr.
403,1626209.0,-1.45,-0.65,-2.1,475.0,471.0,413.0,103.6,Mario Hezonja
404,1626210.0,0.17,0.18,0.35,147.0,160.0,177.0,103.6,Alan Williams
405,1626245.0,-0.49,0.51,0.01,218.0,362.0,96.0,103.6,Cristiano Felicio
406,1626246.0,0.19,0.27,0.46,133.0,156.0,153.0,103.6,Boban Marjanovic
407,1626253.0,-0.13,-0.02,-0.14,269.0,252.0,238.0,103.6,Axel Toupane
408,1626254.0,-0.2,0.24,0.04,211.0,282.0,156.0,103.6,Maurice Ndour
409,1626257.0,-0.65,0.89,0.24,162.0,397.0,47.0,103.6,Salah Mejri
410,1626273.0,-0.16,-0.12,-0.28,302.0,268.0,294.0,103.6,Marcelo Huertas
411,1626780.0,-0.29,-0.67,-0.96,411.0,307.0,419.0,103.6,Jonathan Gibson
412,1627098.0,-0.74,0.88,0.14,186.0,415.0,48.0,103.6,Malcolm Delaney
413,1627362.0,-0.24,-0.45,-0.69,372.0,293.0,374.0,103.6,Briante Weber
414,1627733.0,0.26,0.02,0.28,155.0,144.0,225.0,103.6,Dragan Bender
415,1627734.0,-1.59,1.29,-0.3,309.0,479.0,18.0,103.6,Domantas Sabonis
416,1627735.0,-1.3,-0.14,-1.44,457.0,467.0,296.0,103.6,Wade Baldwin IV
417,1627736.0,0.36,0.71,1.07,62.0,129.0,71.0,103.6,Malik Beasley
418,1627737.0,-0.91,-1.4,-2.31,481.0,438.0,478.0,103.6,Marquese Chriss
419,1627738.0,-0.46,0.1,-0.36,326.0,354.0,198.0,103.6,Deyonta Davis
420,1627739.0,-0.25,-0.51,-0.76,386.0,296.0,387.0,103.6,Kris Dunn
421,1627740.0,-0.07,0.08,0.0,221.0,228.0,203.0,103.6,Henry Ellenson
422,1627741.0,-0.87,-0.76,-1.62,461.0,433.0,435.0,103.6,Buddy Hield
423,1627742.0,-0.05,-1.15,-1.2,435.0,221.0,467.0,103.6,Brandon Ingram
424,1627743.0,0.05,-0.07,-0.02,229.0,192.0,262.0,103.6,Demetrius Jackson
425,1627744.0,0.05,0.08,0.13,190.0,193.0,200.0,103.6,Brice Johnson
426,1627745.0,-0.26,0.02,-0.24,297.0,299.0,229.0,103.6,Damian Jones
427,1627746.0,-0.22,0.07,-0.15,270.0,291.0,204.0,103.6,Skal Labissiere
428,1627747.0,0.28,-0.35,-0.07,242.0,141.0,348.0,103.6,Caris LeVert
429,1627748.0,-0.29,-0.17,-0.46,344.0,308.0,304.0,103.6,Thon Maker
430,1627749.0,-0.32,0.24,-0.08,246.0,319.0,155.0,103.6,Dejounte Murray
431,1627750.0,0.74,0.18,0.93,76.0,70.0,175.0,103.6,Jamal Murray
432,1627751.0,-0.75,0.8,0.05,208.0,416.0,57.0,103.6,Jakob Poeltl
433,1627752.0,-1.71,1.37,-0.34,321.0,482.0,14.0,103.6,Taurean Prince
434,1627754.0,-0.37,-0.03,-0.4,333.0,333.0,243.0,103.6,Diamond Stone
435,1627755.0,-0.71,-0.27,-0.98,414.0,409.0,323.0,103.6,Tyler Ulis
436,1627756.0,-0.08,0.22,0.14,187.0,230.0,165.0,103.6,Denzel Valentine
437,1627757.0,-0.1,-0.18,-0.28,303.0,240.0,306.0,103.6,Stephen Zimmerman
438,1627758.0,-0.36,-0.21,-0.57,356.0,331.0,310.0,103.6,Ron Baker
439,1627759.0,-1.09,-0.02,-1.11,425.0,456.0,237.0,103.6,Jaylen Brown
440,1627761.0,-0.21,-0.04,-0.26,300.0,289.0,254.0,103.6,DeAndre' Bembry
441,1627762.0,0.12,0.21,0.32,150.0,174.0,171.0,103.6,Joel Bolomboy
442,1627763.0,1.03,-0.07,0.96,72.0,49.0,264.0,103.6,Malcolm Brogdon
443,1627767.0,-0.17,-0.33,-0.5,349.0,270.0,343.0,103.6,Cheick Diallo
444,1627770.0,-0.73,0.13,-0.6,360.0,413.0,187.0,103.6,Kay Felder
445,1627771.0,0.04,-0.15,-0.11,259.0,197.0,298.0,103.6,Michael Gbinije
446,1627773.0,-0.08,0.14,0.07,205.0,229.0,183.0,103.6,AJ Hammons
447,1627774.0,-0.42,0.39,-0.03,235.0,349.0,118.0,103.6,Jake Layman
448,1627775.0,-1.72,-0.54,-2.26,479.0,483.0,399.0,103.6,Patrick McCaw
449,1627777.0,0.04,-0.05,-0.01,226.0,195.0,260.0,103.6,Georges Niang
450,1627778.0,-0.14,-0.5,-0.64,364.0,257.0,385.0,103.6,Chinanu Onuaku
451,1627780.0,-0.57,-0.38,-0.94,408.0,380.0,355.0,103.6,Gary Payton II
452,1627781.0,-0.13,0.36,0.24,163.0,253.0,124.0,103.6,Malachi Richardson
453,1627782.0,-0.47,-0.05,-0.52,351.0,355.0,257.0,103.6,Wayne Selden
454,1627783.0,-0.79,-0.34,-1.13,429.0,421.0,345.0,103.6,Pascal Siakam
455,1627784.0,-0.34,-0.42,-0.76,387.0,328.0,367.0,103.6,Jarrod Uthoff
456,1627785.0,0.29,0.54,0.83,84.0,140.0,90.0,103.6,Isaiah Whitehead
457,1627786.0,-1.01,-0.3,-1.31,449.0,445.0,332.0,103.6,Troy Williams
458,1627787.0,-0.36,-0.3,-0.66,369.0,330.0,333.0,103.6,Kyle Wiltjer
459,1627789.0,-0.6,0.96,0.35,144.0,385.0,40.0,103.6,Timothe Luwawu-Cabarrot
460,1627791.0,-0.09,-0.11,-0.21,286.0,234.0,290.0,103.6,Ben Bentil
461,1627812.0,-0.09,-0.72,-0.82,390.0,236.0,429.0,103.6,Yogi Ferrell
462,1627815.0,-0.57,0.2,-0.37,329.0,379.0,173.0,103.6,Sheldon Mac
463,1627816.0,0.32,-0.39,-0.06,241.0,136.0,359.0,103.6,Alex Poythress
464,1627817.0,-0.14,0.1,-0.04,236.0,258.0,194.0,103.6,Tim Quarterman
465,1627819.0,-0.03,-0.33,-0.36,324.0,215.0,342.0,103.6,Isaiah Taylor
466,1627823.0,0.47,-0.64,-0.18,279.0,116.0,412.0,103.6,Juancho Hernangomez
467,1627826.0,-0.47,-0.53,-1.0,416.0,357.0,394.0,103.6,Ivica Zubac
468,1627827.0,-0.16,-0.07,-0.23,292.0,267.0,267.0,103.6,Dorian Finney-Smith
469,1627832.0,-0.24,0.99,0.75,95.0,295.0,38.0,103.6,Fred VanVleet
470,1627834.0,0.2,-0.08,0.12,194.0,153.0,276.0,103.6,Georgios Papagiannis
471,1627835.0,-0.31,0.42,0.12,195.0,315.0,113.0,103.6,Paul Zipser
472,1627848.0,0.99,-0.18,0.81,88.0,56.0,307.0,103.6,Shawn Long
473,1627849.0,-0.09,-0.31,-0.4,334.0,237.0,335.0,103.6,Daniel Ochefu
474,1627850.0,0.18,-0.04,0.14,185.0,157.0,251.0,103.6,Marshall Plumlee
475,1627851.0,-0.08,0.23,0.15,182.0,231.0,163.0,103.6,Mindaugas Kuzminskas
476,1627852.0,-0.26,-0.99,-1.24,443.0,298.0,458.0,103.6,Nicolas Brussino
477,1627854.0,-1.06,-0.26,-1.32,451.0,452.0,322.0,103.6,Bryn Forbes
478,1627855.0,0.71,0.21,0.92,77.0,76.0,168.0,103.6,Okaro White
479,1627861.0,-0.31,0.03,-0.28,305.0,316.0,223.0,103.6,Mike Tobey
480,1627863.0,-0.02,0.02,-0.0,222.0,211.0,228.0,103.6,Danuel House Jr.
481,1627868.0,-0.07,-0.03,-0.1,255.0,227.0,245.0,103.6,Patricio Garino
482,1627875.0,-0.11,-0.07,-0.18,280.0,244.0,265.0,103.6,Marcus Georges-Hunt
483,1627879.0,-0.63,-0.03,-0.66,367.0,391.0,241.0,103.6,Nicolas Laprovittola
484,1627884.0,0.41,0.34,0.74,96.0,124.0,132.0,103.6,Derrick Jones Jr.
485,1628021.0,-0.25,0.75,0.5,128.0,297.0,63.0,103.6,David Nwaba
